jbady|Jason|Bady|jbady@ycp.edu|#|Admin
pnelson1|Patrick|Nelson|pnelson1@ycp.edu|##|Admin
wwyatt|William|Wyatt|wwyatt@ycp.edu|###|Admin
qherb|Quintin|Herb|qherb@ycp.edu|####|Admin
djhake|Professor|Hake|djhake@ycp.edu|#####|Business
jdoe|John|Doe|jdoe@ycp.edu|######|Student
