jbady|Jason|Bady|jbady@ycp.edu|#|Admin|https://i.imgur.com/46FYTE7.png|N/A| 
pnelson1|Patrick|Nelson|pnelson1@ycp.edu|##|Admin|https://i.imgur.com/46FYTE7.png|N/A| 
wwyatt|William|Wyatt|wwyatt@ycp.edu|###|Admin|https://i.imgur.com/46FYTE7.png|N/A| 
qherb|Quintin|Herb|qherb@ycp.edu|####|Admin|https://i.imgur.com/46FYTE7.png|https://quintinherb.net/| 
djhake|Professor|Hake|djhake@ycp.edu|#####|Business|https://i.imgur.com/46FYTE7.png|https://www.ycp.edu/academics/kinsley-school-of-engineering-sciences-and-technology/faculty/hake-ii-donald-j.html| 
jdoe|John|Doe|jdoe@ycp.edu|######|Student|https://i.imgur.com/46FYTE7.png|https://ween.com/| 
